

[
    {
        "restaurant name": "Lan City Handpulled Noodle",
        "cuisine": "Chinese",
        "rating": 4.2,
        "Popular_dish": "Scallion Pancake"
    },
    {
        "restaurant name": "Sava's",
        "cuisine": "American",
        "rating": 3.9,
        "Popular_dish": "Bang Bang Shrimp"
    },
    {
        "restaurant name": "Aventura",
        "cuisine": "Spanish",
        "rating": 4.1,
        "Popular_dish": "Patatas Bravas"
    },
    {
        "restaurant name": "Frita Batidos",
        "cuisine": "Cuban",
        "rating": 4.4,
        "Popular_dish": "Cheeseburger"
    },
    {
        "restaurant name": "Spencer",
        "cuisine": "New American",
        "rating": 4.4,
        "Popular_dish": "Trout"
    },
    {
        "restaurant name": "HanJan Pocha",
        "cuisine": "Korean",
        "rating": 4.0,
        "Popular_dish": "Fried Chicken"
    },
    {
        "restaurant name": "Bao Space",
        "cuisine": "Chinese",
        "rating": 4.6,
        "Popular_dish": "Pork bun"
    },
    {
        "restaurant name": "Azalea",
        "cuisine": "Japanese",
        "rating": 4.2,
        "Popular_dish": "Spicy Tuna Crispy Rice"
    },
    {
        "restaurant name": "Miss Kim",
        "cuisine": "Korean",
        "rating": 4.0,
        "Popular_dish": "Fried Rice"
    },
    {
        "restaurant name": "Pacific Rim",
        "cuisine": "Asian Fusion",
        "rating": 4.1,
        "Popular_dish": "Spring Rolls"
    },
    {
        "restaurant name": "Taste Kitchen",
        "cuisine": "Seafood",
        "rating": 4.2,
        "Popular_dish": "fish taco"
    },
    {
        "restaurant name": "Echelon Kitchen and Bar",
        "cuisine": "New American",
        "rating": 4.5,
        "Popular_dish": "Bucatini"
    },
    {
        "restaurant name": "Dixboro Project",
        "cuisine": "American",
        "rating": 4.2,
        "Popular_dish": "Pizza"
    },
    {
        "restaurant name": "Rappourt",
        "cuisine": "Burgers",
        "rating": 4.1,
        "Popular_dish": "Chicken Tenders"
    },
    {
        "restaurant name": "Side Biscuit",
        "cuisine": "N/A",
        "rating": 4.3,
        "Popular_dish": "Biscuit"
    },
    {
        "restaurant name": "Union Rec",
        "cuisine": "N/A",
        "rating": 3.8,
        "Popular_dish": "Pulled Pork"
    },
    {
        "restaurant name": "First Bite",
        "cuisine": "N/A",
        "rating": 4.6,
        "Popular_dish": "French toast"
    },
    {
        "restaurant name": "The Chop House",
        "cuisine": "Steakhouse",
        "rating": 3.9,
        "Popular_dish": "Filet Mignon"
    },
    {
        "restaurant name": "Stray Hen Cafe",
        "cuisine": "Breakfast & Brunch",
        "rating": 4.4,
        "Popular_dish": "Avocado Toast"
    },
    {
        "restaurant name": "The Jagged Fork",
        "cuisine": "Breakfast & Brunch",
        "rating": 4.0,
        "Popular_dish": "Huevos Rancheros"
    },
    {
        "restaurant name": "Zingerman's Delicatessen",
        "cuisine": "Sandwiches",
        "rating": 4.0,
        "Popular_dish": "Reuben Sandwich"
    },
    {
        "restaurant name": "Jolly Pumpkin Café & Brewery",
        "cuisine": "American",
        "rating": 3.9,
        "Popular_dish": "Pizza"
    },
    {
        "restaurant name": "Slurping Turtle",
        "cuisine": "Sushi",
        "rating": 3.8,
        "Popular_dish": "Ramen"
    },
    {
        "restaurant name": "Tomukun Noodle Bar",
        "cuisine": "Noodles",
        "rating": 3.8,
        "Popular_dish": "Pork Bun"
    },
    {
        "restaurant name": "Chapala Mexican Restaurant",
        "cuisine": "Tacos",
        "rating": 3.8,
        "Popular_dish": "Quesadilla"
    },
    {
        "restaurant name": "Biercamp",
        "cuisine": "Meat Shops",
        "rating": 4.6,
        "Popular_dish": "Brisket sandwich"
    },{
        "restaurant name": "Zingerman's Roadhouse",
        "cuisine": "Breakfast & Brunch",
        "rating": 3.7,
        "Popular_dish": "Poutine"
    },{
        "restaurant name": "Anna's House",
        "cuisine": "Breakfast & Brunch",
        "rating": 4.0,
        "Popular_dish": "lasagna"
    },{
        "restaurant name": "The Ravens Club",
        "cuisine": "American",
        "rating": 3.8,
        "Popular_dish": "Deviled Eggs"
    },
    {
        "restaurant name": "Iggy's Eggies",
        "cuisine": "Breakfast & Brunch",
        "rating": 4.3,
        "Popular_dish": "sausage egg and cheese sandwich"
    },
    {
        "restaurant name": "Kanbu Sushi Downtown",
        "cuisine": "Japanese",
        "rating": 4.3,
        "Popular_dish": "Spicy Tuna Roll"
    },
    {
        "restaurant name": "Ondo Bakery & Cafe",
        "cuisine": "Bakery",
        "rating": 4.4,
        "Popular_dish": "croissant"
    },
    {
        "restaurant name": "Spiedo",
        "cuisine": "Middle Eastern",
        "rating": 4.8,
        "Popular_dish": "tofu bowl"
    },
    {
        "restaurant name": "The Seoul",
        "cuisine": "Korean",
        "rating": 4.2,
        "Popular_dish": "Popcorn chicken"
    },
    {
        "restaurant name": "Peridot",
        "cuisine": "Vietnamese",
        "rating": 4.2,
        "Popular_dish": "Crab fried rice"
    },
    {
        "restaurant name": "Bellflower",
        "cuisine": "New American",
        "rating": 4.6,
        "Popular_dish": "Pork chops"
    },
    {
        "restaurant name": "Mani Osteria & Bar",
        "cuisine": "Italian",
        "rating": 4.2,
        "Popular_dish": "Blueberry Waffles"
    },
    {
        "restaurant name": "The West End Grill",
        "cuisine": "American",
        "rating": 3.9,
        "Popular_dish": "Sea Bass"
    },
    {
        "restaurant name": "Ricewood",
        "cuisine": "Barbeque",
        "rating": 4.6,
        "Popular_dish": "Pork Belly"
    },
    {
        "restaurant name": "Casablanca",
        "cuisine": "Mediterranean",
        "rating": 4.6,
        "Popular_dish": "Bistilla"
    },
    {
        "restaurant name": "Thompson & Co",
        "cuisine": "New American",
        "rating": 4.1,
        "Popular_dish": "Fried Chicken"
    },
    {
        "restaurant name": "The Boro",
        "cuisine": "Breakfast & Brunch",
        "rating": 3.9,
        "Popular_dish": "Chocolate croissant"
    },
    {
        "restaurant name": "Vinology Restaurant & Event Space",
        "cuisine": "New American",
        "rating": 3.9,
        "Popular_dish": "Beef short ribs"
    },
    {
        "restaurant name": "Basil Babe",
        "cuisine": "Thai",
        "rating": 4.4,
        "Popular_dish": "Pad thai"
    },
    {
        "restaurant name": "Monahan's seafood market",
        "cuisine": "Seafood",
        "rating": 4.6,
        "Popular_dish": "fish and chips"
    },
    {
        "restaurant name": "Tomukun Korean Barbeque",
        "cuisine": "Korean",
        "rating": 4.0,
        "Popular_dish": "short rib soup"
    },
    {
        "restaurant name": "Gandy Dancer",
        "cuisine": "Seafood",
        "rating": 3.6,
        "Popular_dish": "Crab cakes"
    },
    {
        "restaurant name": "Sidetrack Bar and Grill",
        "cuisine": "Burgers",
        "rating": 3.8,
        "Popular_dish": "bean burger"
    },
    {
        "restaurant name": "Pizza House",
        "cuisine": "American",
        "rating": 3.2,
        "Popular_dish": "deep dish pizza"
    },
    {
        "restaurant name": "One Bowl Asian Cuisine",
        "cuisine": "Vietnamese",
        "rating": 3.7,
        "Popular_dish": "Ramen"
    },
    {
        "restaurant name": "Rich JC",
        "cuisine": "Korean",
        "rating": 4.1,
        "Popular_dish": "tofu ramen"
    },
    {
        "restaurant name": "Sadako Japanese Restaurant",
        "cuisine": "Japanese",
        "rating": 3.5,
        "Popular_dish": "Spicy Salmon roll"
    },
    {
        "restaurant name": "Joe's Pizza",
        "cuisine": "Pizza",
        "rating": 4.3,
        "Popular_dish": "cheese pizza"
    },
    {
        "restaurant name": "Totoro",
        "cuisine": "Japanese",
        "rating": 3.7,
        "Popular_dish": "California roll"
    },
    {
        "restaurant name": "Ashley's Restaurant",
        "cuisine": "American",
        "rating": 3.7,
        "Popular_dish": "Burger"
    },
    {
        "restaurant name": "Hola Seoul",
        "cuisine": "Korean",
        "rating": 4.1,
        "Popular_dish": "fried chicken"
    },
    {
        "restaurant name": "Hopcat",
        "cuisine": "Burgers",
        "rating": 3.4,
        "Popular_dish": "cheese fries"
    },
    {
        "restaurant name": "Bigalora Wood Fired Cucina",
        "cuisine": "Italian",
        "rating": 3.5,
        "Popular_dish": "gelato"
    },
    {
        "restaurant name": "sweetgreen",
        "cuisine": "Salad",
        "rating": 4.3,
        "Popular_dish": "pesto parm salad"
    },
    {
        "restaurant name": "Zola Bistro",
        "cuisine": "French",
        "rating": 2.8,
        "Popular_dish": "Short Ribs"
    },
    {
        "restaurant name": "Shake Shack Ann Arbor",
        "cuisine": "Burgers",
        "rating": 3.6,
        "Popular_dish": "Burger"
    },
    {
        "restaurant name": "Satchel's BBQ",
        "cuisine": "Barbeque",
        "rating": 4.1,
        "Popular_dish": "Pulled Pork Sandwich"
    },
    {
        "restaurant name": "Avalon Cafe and Kitchen",
        "cuisine": "Breakfast & Brunch",
        "rating": 3.9,
        "Popular_dish": "Avocado Toast"
    },
    {
        "restaurant name": "Franks Restaurant",
        "cuisine": "Breakfast & Brunch",
        "rating": 4.0,
        "Popular_dish": "French Toast"
    },
    {
        "restaurant name": "The Pretzel Bell",
        "cuisine": "New American",
        "rating": 3.4,
        "Popular_dish": "Soft pretzel"
    },
    {
        "restaurant name": "MaMa Satto",
        "cuisine": "Japanese",
        "rating": 3.4,
        "Popular_dish": "Dragon roll"
    },
    {
        "restaurant name": "BTB Burrito",
        "cuisine": "Mexican",
        "rating": 3.2,
        "Popular_dish": "Steak Burrito"
    },
    {
        "restaurant name": "Poke Poke - Sushi Unrolled",
        "cuisine": "Poke",
        "rating": 2.7,
        "Popular_dish": "Poke bowl"
    },
    {
        "restaurant name": "Casey's Tavern",
        "cuisine": "American",
        "rating": 3.9,
        "Popular_dish": "Fried Artichoke"
    },
    {
        "restaurant name": "The Blue Nile",
        "cuisine": "Ethiopian",
        "rating": 3.7,
        "Popular_dish": "red lentils"
    },
    {
        "restaurant name": "KOSMO's Bop Shop",
        "cuisine": "Korean",
        "rating": 4.2,
        "Popular_dish": "beef bibimbap"
    },
    {
        "restaurant name": "Condado Tacos",
        "cuisine": "Tacos",
        "rating": 3.5,
        "Popular_dish": "queso"
    },
    {
        "restaurant name": "Dominicks",
        "cuisine": "Italian",
        "rating": 3.6,
        "Popular_dish": "Italian sub"
    },
    {
        "restaurant name": "The Circ Bar",
        "cuisine": "New American",
        "rating": 3.7,
        "Popular_dish": "Fried Cauliflower"
    },
    {
        "restaurant name": "Pita Kabob Grill",
        "cuisine": "Mediterranean",
        "rating": 3.9,
        "Popular_dish": "Lentil Soup"
    },
    {
        "restaurant name": "Everest Sherpa Restaurant",
        "cuisine": "Indian",
        "rating": 4.4,
        "Popular_dish": "Lamb Stew"
    },
    {
        "restaurant name": "Ginger Deli",
        "cuisine": "Vietnamese",
        "rating": 4.1,
        "Popular_dish": "Bahn mi"
    },
    {
        "restaurant name": "Afternoon Delight ",
        "cuisine": "American",
        "rating": 4.0,
        "Popular_dish": "Eggs Benedict"
    },
    {
        "restaurant name": "Broadway Cafe & Hoagie",
        "cuisine": "Korean",
        "rating": 4.6,
        "Popular_dish": "Cheesesteak"
    },
    {
        "restaurant name": "Bopjib",
        "cuisine": "Korean",
        "rating": 4.1,
        "Popular_dish": "bibimbap"
    },
    {
        "restaurant name": "Northside Grill",
        "cuisine": "Breakfast & Brunch",
        "rating": 3.8,
        "Popular_dish": "blueberry pancakes"
    },
    {
        "restaurant name": "Good Time Charleys",
        "cuisine": "American",
        "rating": 3.2,
        "Popular_dish": "cheesy bread"
    },
    {
        "restaurant name": "Taste of India",
        "cuisine": "Indian",
        "rating": 3.7,
        "Popular_dish": "Butter chicken"
    },
    {
        "restaurant name": "Bakehouse 46",
        "cuisine": "Bakery",
        "rating": 3.8,
        "Popular_dish": "Apple Pie"
    },
    {
        "restaurant name": "No Thai!",
        "cuisine": "Thai",
        "rating": 3.2,
        "Popular_dish": "Pad Thai"
    },
    {
        "restaurant name": "Amer's Delicatessen",
        "cuisine": "Deli",
        "rating": 3.4,
        "Popular_dish": "Hot Dog"
    },
    {
        "restaurant name": "aMa Bistro",
        "cuisine": "Breakfast & Brunch",
        "rating": 3.3,
        "Popular_dish": "French Toast"
    },
    {
        "restaurant name": "Maize N Blue Deli",
        "cuisine": "Deli",
        "rating": 4.2,
        "Popular_dish": "Reuben sandwich"
    },
    {
        "restaurant name": "Mediterrano",
        "cuisine": "Mediterranean",
        "rating": 3.9,
        "Popular_dish": "Greek Salad"
    },
    {
        "restaurant name": "Cantina",
        "cuisine": "Mexican",
        "rating": 3.4,
        "Popular_dish": "Carne Asada taco"
    },
    {
        "restaurant name": "Krazy Jim's Blimpy Burgers",
        "cuisine": "Burgers",
        "rating": 3.2,
        "Popular_dish": "Cheeseburger"
    },
    {
        "restaurant name": "York",
        "cuisine": "Breakfast & Brunch",
        "rating": 4.2,
        "Popular_dish": "Avocado Toast"
    },
    {
        "restaurant name": "Burger One",
        "cuisine": "Burgers",
        "rating": 4.5,
        "Popular_dish": "Chicken sandwich"
    },
    {
        "restaurant name": "Baba Dari Mediterranean Grill",
        "cuisine": "Mediterranean",
        "rating": 3.3,
        "Popular_dish": "Chicken Shawarma"
    },
    {
        "restaurant name": "Cinnaholic",
        "cuisine": "Bakery",
        "rating": 4.4,
        "Popular_dish": "Cinnamon Roll"
    },
    {
        "restaurant name": "Le Dog",
        "cuisine": "N/A",
        "rating": 4.3,
        "Popular_dish": "Lobster Bisque"
    },
    {
        "restaurant name": "Shalimar Cuisine of India",
        "cuisine": "Indian",
        "rating": 3.6,
        "Popular_dish": "Chicken Tikka Masala"
    },
    {
        "restaurant name": "Tio's Restaurant",
        "cuisine": "Mexican",
        "rating": 3.0,
        "Popular_dish": "chicken burrito"
    },
    {
        "restaurant name": "Brueggers Bagels",
        "cuisine": "Breakfast & Brunch",
        "rating": 3.2,
        "Popular_dish": "bacon egg and cheese"
    },
    {
        "restaurant name": "Oasis Mediterranean Grill",
        "cuisine": "Middle Eastern",
        "rating": 3.0,
        "Popular_dish": "Chicken Shawarma"
    }
]